transaction_id,customer_id,amount,transaction_date
101,1,150.0,2022-02-18
102,2,200.0,2022-03-05
103,3,75.0,2022-03-12
104,4,300.0,2022-04-15
105,5,250.0,2022-05-20
106,1,200.0,2022-06-25
107,2,175.0,2022-07-10
108,3,125.0,2022-08-15
109,4,225.0,2022-09-20
110,5,180.0,2022-10-25